clean_tweet,Sentiment
mana nih jakarta membuat aturan aneh bikin perpustakaan nakal efektif pak lebih efektif aturan jabar mendidik nakal dibawa jadi disiplin,Positif
aku suka kebijakan beberapa kurang setuju sihhapalagi pas malah kasih duit jadi gimana gitu,Positif
gini orang tua jakarta putus asa anaknya sering tawuran bawa kantor bandung minta dimasukkan orang tua sumatera selatan usah gengsi masa depan anaknya,Negatif
kan barakbarak gt,Netral
melepas peserta pembinaan karakter depok pemkot depok melaluibadan kesatuan bangsa politik bakesbangpol menggelar pembinaan karakter bela negara remaja,Netral
bawa,Netral
menyanyi membicarakan katanya masuk uang satu juta kalau percaya tanya aja,Netral
memang aneh satu sisi diadakan jam malam pekerjaan rumah terus siswa disuruh ngapain kebanyakan main game dibawa disuruh membantu orang tua membantu apa wong orang tuanya kerja sawah siang hari padahal siswa sekolah,Negatif
habis menfasilitasi jawa barat tank transum penetapan titik transit,Netral
membuat kucing kurang ajar mau masukkan kucingkucing pak jemput nih,Negatif
polisi patut dikirim,Netral
si malah ribut membuat kebijakan ga jelas kek anjrit,Negatif
sunda hasil didikan,Netral
melawan konspirasi,Netral
jangan percaya omongan buzzer bilang kebijakan soal menghilangkan tawuran membuat muda takut membuat tawuran subuh tadi terjadi tawuran bersenjata tajam limo depok,Negatif
merespon terkait pelaporan wali murid bareskrim polri buntut kebijakan siswa masuk,Netral
dilaporkan bareskrim polri terkait kebijakannya kirim siswa nakal,Negatif
telepon suruh masukin,Netral
lapor biar masukin sih,Netral
heboh denny cagur kritik netizen ungkit jejak digital ikut latihan,Netral
norak kalo mau semua tertib sopan santun nonton aja sama sana kampung,Negatif
kembar siee sodara kmd sama sama nya xixixixixi,Netral
banyak loh nyari termasuk katanya mbak mau dimasukin,Netral
soal materi diajarkan dodik rindam siswa bermasalah versi apa pahami lebih fokus pembentukan karakter kedisiplinan bukan sematamata pelatihan ala tentara,Positif
tebak siapa tokohnya dilaporkan bareskrim atas kebijakan,Netral
kalo perlu laporin biar kirim,Netral
nakal dibawa psikolog ahli kak seto bukan dilakukan dasar ilmiahnya jelas,Negatif
kak kemarin video lewat orang tua palembang menaruh anaknya karna ketahuan narkoba diterima sama langsung ditemui nya kalau oke jabar mungkin lebih mudah,Positif
siswa melanggar jam malam dimasukkan,Netral
pak temen asli jabar nonton timnas diangkut,Netral
karawang jawa barat jadi warga hatihati dikirim,Netral
lihat menggugat apa ketahuan siapa asal ngomong biasanya prediksi jarang meleset digugat tindakannya mengirim siswa nakal berpotensi melanggar ham,Negatif
ngeri dulu disiksa trus udah kayak masuk zaman trus disuruh keliling rektorat habis disuruh masak makanan sabang merauke masing masing satu,Netral
enggak apa apalah masuk asalkan tentaranya jeonghan wonwoo,Netral
hrs masuk biar lulus smp siap gagah,Netral
terserah wargamu sendiri kalau aku punya nya usulkan dimasukkan,Netral
denny cagur dirujak warganet terkait kritik mending jadi pelawak aja,Negatif
kata nakal tempatnya,Negatif
knp tiba tiba ide mengirim siswa ide ide pernah janji nya jabar,Netral
hahaha iya bu tadi siang gw udh cek tiket pp bjirrrr mau gw uji bahasa sblm lulus wajib disana kalo belom pinter masuk,Negatif
aduin nih ngatain pendek dibawa,Netral
panggil buk masukin,Netral
pilih mana dibawa apa kantor kua,Netral
alihalih memberikan solusi kpai cuma menyensor karakter shizuka memperlihatkan belahan dada berisik mempertahankan hegemoni agama tindakan tepat solusi darurat kamu darurat,Netral
awal gak setuju mengirimkan bermasalah banyak cara contohnya biasanya suka melukis jadi kasih ruang melukis tembok mural olah raga bola skateboard,Positif
dipikir udah pernah semua aku pelatihan sekolah jam baru sadar ternyata smaku semi,Netral
orangtua setuju sama kebijakan soal masuk sekolah jam ataupun jam malam tuh orang tua ga pantes jadi orang tua,Negatif
kesimpulan kunjungan kak seto,Netral
berangkat wajib negeri china soalnya ga terima soalnya suka jajan,Negatif
lanjut mimpi kedua settingnya gitu aku sama temen sekelas latihan mungkinkebawa kebijakannya wkwkwk intinya aku cinta lokasi sama temen kelasku aku suka nyamperin,Positif
sejak kirim hasil salah satunya gambaran ikut pendidikan hingga berujung kekerasan muka umum masalah sepele uu tni multifungsi abri,Negatif
aturan diributkan dana pendidikan triliun dikorupsi diam aja,Negatif
nyanyang tegaskan tak pelajar kepulauan riau,Netral
langkah apa diambil kasus kalau ga mau niru dimasukkan lalu apa solusinya gilas pake panser bagus lah buat ngurangin masalah sampah dikota besar biar ga sesak,Negatif
tdk menyimak bola panas akun phobia dormitory,Netral
yenny wahid angkat bicara izinkan memberi sedikit saran menyempurnakan programnya jangan langsung dikirim langkah intervensi dikirim kesana uraikan,Netral
benar kirim nakal pramono kalau lembek dgn kenakalan remaja malah jadi bencana daerah diajari agama langsung berakhlak terpaksa disiplin kebijakan bapak,Netral
tonton video youtube nya dilibatkan psikolog guru ngaji,Netral
kata suruh aja,Netral
kemarin yg nyinyir kebijakan mending pesantren katanya,Netral
dilihat kak seto,Netral
lihat cara duduknya artinya pendidikan karakter kemarin berhasil lanjutkan programnya,Netral
hasil didikan,Netral
kasi biar kirim,Netral
bagusnya masuk dulu titip sama,Positif
hidayah buat dukungan atas kebijakan kirim nakal krn kepala daerah punya ide kirim pesantren pikir tempat menjadikan lebih baik soleh malah meninggal karna digebugin pengasuh santri,Positif
edisi kali mading hadir tema timeless moment in motion membawa kalian menyelami berbagai topik menarik mulai ruu bumn baru ala kasus fantasi sedarah,Negatif
sepertinya pemain mu ikut,Netral
masukin siswa pengawasan kpai menemukan pelanggaran hak labeling nakal mengarah diskriminasi merespons cari kesibukan jangan sibuk urusi red flag bener pejabat publik kayak gini,Negatif
sadar kalau anakanak disebut nakal dibawa orang tua berminat memasukkan pesantren ingat suka pendatang menyebarkan islam lebih dihormati nenek moyangnya jelas,Negatif
wah dengar cocok nih buat konten masuk cairkan anggaran,Netral
oke sebutkan barang wajib wib,Netral
buset dijemput,Netral
lebih baik kemah pendidikan menginap batalyon kepala sekolah ternyata lebih visioner,Netral
soalnya ketegasan pak menurutku biasa digunakan latihan tentara semua tegas disiplin berani menyepelekan membantah dunia kurang keras,Netral
pelajar nakal konten memasukkan kalau pencari kerja bekasi berebut dilakukan,Negatif
lupa memberikan after sales service maintenance menumbuhkan perasaan arogan lebih powerful teman nya yg dikirim,Negatif
laporin aja tuh biar dikirim,Netral
harusnya tadi gue minta bawa gue,Netral
wakil ketua komisi perlindungan indonesia kpai jasra putra mendesak jawa barat menghentikan mengirimkan siswa bermasalah,Negatif
kalo disuruh milih pasang seprei kasur apa masuk gua lebih pilih masuk,Netral
andai punya adik tu cowo minta anter mana nyetir kalau nakal aku daftarin,Negatif
anabelle masuk gak pak,Netral
selamat sore cnn indonesia tv connected pukul wib mohon izin memasukkan cuitan membahas topik bobotoh rusak lapangan ancam pidana tunggu jawabannya terima kasih,Netral
kalau gua punya bgitu gua suruh masukkan bertahun,Netral
dimasukin,Negatif
rakyat bukannya malah tempat pemujaan vampire,Negatif
bikin konten harusnya meniru cara jokowi mungkin bikin mobil ala,Netral
kebijakan tuh mercusuar buat nyasar beberapa kelompok gusur wisata jonggol pemerhati lingkungan orangtua gabisa ngedidik pemaksaan vasektomi liberal nanggung gusur bangli bekasi pekerja yg tiap hari lewat situ pelarangan wisuda orangtua yg ekonomi bawah,Netral
kalau indonesia laporin biar bawa,Netral
laporin aja biar dimasukin wkkw,Netral
,Netral
hmm ga diving aku laporin biar masuk hari udah makan banyak soalnya isi energi comeback nih kalau jun udah makan apa aja,Netral
komen tiikii ina ga sih soalnya tiktok banyak banget komen si habis sama lmao,Netral
geram ditanya wartawan soal langsung membantah apapun dilakukan ditanyakan wartawan tersebut justru menilai tinggal justru lebih aman dibandingkan tinggal diluar,Negatif
muslim bukan agama pengikut agama islam agama sendiri islam mengenai jawa barat bertujuan mendisiplinkan remaja bermasalah melalui pendidikan karakter olahraga seni mengingat keragaman agama indonesia,Netral
pendidikan disiplin karakter sejak dini menjadi tanggung jawab utama orangtua mentaati aturan masyarakat guru solusi sesaat kpaiofficial jangan duduk dibalik meja konpress cobalah nyata,Positif
kalau milan lebih perlu ketimbang kdb biar satu tim dikirim terutama managementnya,Netral
momen alumni sekolah perubahan sikapnya disorot teman,Netral
tes ombak buat wamil kali awalnya siswa dianggap bermasalah dulu dibarakin abis nyusul berprestasi lama lama semua golongan usia produktif wajib masuk,Netral
bukti jawa barat siswa muslim dipimpin menargetkan remaja bermasalah menyebutkan batasan agama konstitusi indonesia menjamin kebebasan beragama jawa barat memiliki,Negatif
tanggapi daerah lakukan sekolah menegaskan terserah masing masing kepala daerah sd smp tugas bupati walikota intinya berikan contoh berikan urgensinya,Netral
momen alumni sekolah perubahan sikapnya disorot teman,Netral
sepi win masuk,Netral
langkah tegas sekolah tni melepas evaluasi berkala minggu sekali datang sekolah kebangsaan,Positif
info terbaru valid kirim pengepul velg,Netral
klaim pendidikan bentuk karakter disiplin tingkatkan iq atas dedimulyadi pendidikan barakmiliter,Positif
lanjutkan banten siswa yg nakal suka tauran yg hobi bolos bina,Positif
mana nih bilang ngirim siswa bermasalah berguna,Netral
bawa yaaa,Negatif
kadang saking lucunya negara gua kira tu bercandaan,Netral
dinilai berpikiran dangkal muda darurat geng motor rocky gerung menilai berpikiran dangkal mengirim lihat bung rocky terjadi duren sawit jakarta timur solusinya apa kelompok remaja tersebut,Netral
lapor biar taruh bina,Positif
dr gamal albinsaid kritik keras pengiriman siswa dedymulyadi,Negatif
jujur menurutku bagus dilakukan mendisiplinkan siswa mungkin notabanenya nakal dimasukin bukannya malah dilatih lebih disiplin jam tidur terus bangun buat sholat subuh terus mandi bersihbersih,Positif
iya sepertinya vingan ashby kuat mental orangorang stres laporkan biar masuk kak,Netral
bukan as soon as possible debu sofa anaknya suruh kirim aja menyebalkan,Netral
sabtu siang bertemu ngobrol bareng wacana netizen fokus dikirim mendapatkan pelatihan jangan mudah terpengaruh ketua pelatihan lee taeyong wakilnya jamal menolak diberi pc taeil terbengkalai,Netral
kalau penjelasan bro menyinggung angkat senjata sepertinya kurang relevan latihan situ tempatnya dodikmil berupa diklat kepemimpinan umumnya melatih jadwal harian normal,Negatif
perasaan,Netral
jadi mentornya ala,Netral
efeknya bagus kan orang tuanya senang terjadi perubahan positif anaknya kesaksian remaja wanita dampak pendidikan kabar petang tv one,Positif
momen seorang orang tua menyambut anaknya baru menyelesaikan pendidikan,Netral
ayo kalau guru sekolah mampu mendidik mengajar siswa perlu dijalankan daerahdaerah setuju,Positif
sedang gencar gencarnya masukin orang sebenernya buat membangkitkan kejayaan sunda empire,Netral
jangan bawa please,Netral
mau nya,Netral
malas didik lempar nunggu jadi nakal baru bertindak herannya pemuja gak mikir panjang,Negatif
menginstruksikan pemain kalah game melakukan permintaan keluar pertandingan usai diangkut,Netral
cek testimoni siswa channel bukan dilatih dimiliterisasi didisiplinkan standar tetap mendapatkan pendidikan bahkan suatu naik flying fox mengikuti berbagai permainan pelatihnya,Positif
kritis programnya pak bagus kalau masalah kenakalan remaja lebih prefer utk dimasukkan mengikuti standar disiplin sana menganggap ruang aman karna rumah lingkungan ga mendukung,Positif
kalau misalnya orang kecanduan main slot judi online dibawa sama gak gw kenalan seseorang gak dikenal soalnya,Netral
buktikan waktu hari membentuk karakter,Positif
mengatasi atlet yg ngablu pas tanding,Netral
orang masuk pasien,Netral
menginstruksikan pemain football manager kalah final keluar permainan diangkut,Netral
membahas nasib anakanak dijemput orang tuanya sekolah kebangsaan dodik bela negara pidatonya rapat dprd berbicara anakanak lulus sekolah,Negatif
ga rencana buat penyebar hoax dimasukkin tp korut gitu udh sebar hoax kalah malah minta lindungi komnas ham kocak bgt bjirr,Negatif
gimana gak anarkis perlakuan polisi kayak gitu kayaknya polisi nakal dimasukkan aja kayak,Netral
jakarta sekaligus salah satu emas megawati kader pdip pramono menggagas bersholawat memberantas tawuran menggunakan pendekatan hukum mengikuti masukkan apa kabar,Negatif
masuk deh keluar bahagia gitu terharu,Positif
menyebut mendatangi sales memenuhi target dikirim kapan,Negatif
sepertinya tiap viral orang nya bawa jabar aja sama cocok nya minimal selang dulu punggung kepala nya lah,Negatif
secepatnya membawa onana,Netral
masukin baraknya aja crown ikhlas banget aku mah masuk biar gak dicariin ormas,Netral
lebih dibanding,Netral
kalau korea udah diseret leader lu,Netral
secepatnya memasukan onana,Netral
meniru anggota dprd desak mataram punya pelajar terlibat gangster anggota dprd kota mataram komisi iv haris maulana mendukung pendidikan karakter diinisiasi jawa barat,Positif
dimaksud,Netral
kiper mu blunder final liga eropa netizen minta kirim andre onana,Netral
nah bukti bagus kan peduli warga hati tulus bukan politik masuk gegara kecanduan game siswa asal cikarang kini mantap jadi tni,Positif
sebut mendatangi manager fpl yg selalu panah merah dikirim,Netral
rama angkut,Netral
kalau nyuruh nakal berarti parenting ala dong bakal ditiru orang tua biar gak nakal didikannya nyontoh okay fuck sebelumnya aku ga kepikiran kesana but fuck will that truly happen,Negatif
upacara harkitnas diwarnai suasana haru siswa binaan bikin bangga,Positif
semoga bang kalau ga minta aja masukin orang,Netral
kalian udah nonton konten video youtube nya bermasalah digembleng apa tanggapanmu semoga generasi emas banyak lahir jawa barat optimis negara memang hrs hadir tengah indonesia,Negatif
seorang ayah bangga anaknya baru pulang,Positif
gak niat apa bawa dewi persik heran semua lahi dangdutin sama mana jelek nyanyinya,Netral
pikir benernya kali haha udah masukin aja semua termasuk emak nya masukin aja semua malah seneng aku dimasukin ga usah masak ga usah nyuapin berjam tinggal mikirin diri sendiri aja,Netral
mengadu aja biar diangkut,Netral
ikut bawa semua squad termasuk amorim,Netral
setuju pendidikan ala yg diperuntukan remaja emosinya terkendali banyak manfaat dirasakan selama diantaranya disiplin penanam aspek kebangsaan,Positif
masukin semua pemainn emyu anjenggg,Negatif
pak khusus jangan kirim,Netral
komnas ham saran sih suruh ngadu kpai paling suruh masuk tahun,Netral
makin kalang kabut minta damai ditolak minta ketemu presiden direspon skrg minta perlindungan ham knp tdk sekalian kpai minta masuk minta ampun bertobat allah,Negatif
angkat didik orang tuanya datang atas kelulusannya sekolah dodik bela negara buat haru bilang mengangkat semua jemput orang tuanya tersebut malah balik,Negatif
berbuat baik negeri bukanlah perkara mudah pelepasan sekolah tni dodik bela negara menilai banyak orang pintar menyukai anakanak jawa barat maju berkembang banyak memiliki mental lemah,Netral
siswa lulus jabar berita terkini berita nasional,Netral
family center ala,Netral
kpaiofficial percuma ga komen pernyataan paling fenomenal berenang bersama pria dikolam renang hamil kalau komen doank tnpa tindakan no action talk only mending bertindak nyata emang nya pelajar dibawa mau diajari beladiri pegang senjata,Netral
banyak temen angkatan beberapa negara eropa banyak negara memiliki pendekatan sangat humanistik progresif pendidikan perilaku mbk bener soal family center tp disamakan ala beda lah,Netral
tanya alumni sekolah buat janji mengulanginya tanya tersebut malah makin berani semoga tersebut menjadi lebih baik membanggakan orang tuanya,Positif
kalau sih bagus bulan kemarin sekolah diadakan kegiatan pembentukan karakter selama seminggu bayar jutaan gratis coba bagaimana senang orang tua,Positif
dulu nakal ditangkap kriminal dibentak diancam diserahkan orang tua rumah malah dikerasi makin liar kirim nakal awalnya dicibir lihatlah hasilnya orang tua awalnya bangga sekarang bangga,Positif
mau pencitraan bukan lakukan salah mending terlihat bekerja kerja sama sekali malah menunjukkan beliau benarbenar peduli daerahnya adanya mengirim bermasalah,Netral
nakal dibina bagus putus sekolah jauh lebih banyak kamu bayangkan bukan apaapa,Negatif
mulai bereaksi kampanyenya vasektomi hingga,Netral
jawa barat dipimpin merupakan bergaya mendisiplinkan pemuda orang dewasa bermasalah menekankan koreksi,Netral
family center beda family center finlandia merupakan pusat komunitas menyediakan layanan kesehatan pendidikan sosial mendukung kesejahteraan keluarga anakanak pusat bersifat sipil berfokus pencegahan masalah sosial,Positif
masukkan,Negatif
redaktur tempo menyukai beberapa kebijakan nakal vasektomi penerima bansos kritiknya tajam sekali solutif,Negatif
numpang tanya pak kalau pak jokowi laiknya suka berbohong perlu masuk,Netral
meski pendidikan berkarakter berlangsung berakhir puluhan tetap dipantau memastikan perubahan barakmiliter,Positif
apapun masalahnya kirim solusinya ala,Netral
mau menulis isu kebijakan menyisipkan kata raj berbahaya,Netral
kpai kerjaan nya apa sih nanya serius gw setuju banget sm belajar disiplin belajar bela negara lainlain bangun pagi sholat subuh olahraga banyak positif nya,Positif
pertanyaan siapa lebih masuk akal dr gamal sulit dijawab atasi kenakalan remaja didukung menteri ham ide visioner dr gamal menyoroti ribu tak sekolah jabar,Netral
buat dulu urutan mainnya adikadik gak lalai latihan sistem dulu sini diajak sama,Netral
kan udah setting katanya lebih merakyat ketimbang mulyono masukin utk menutupi bobroknya sistem pendidikan konoha,Negatif
kirim bocah nakal ribuan pesantren dianggap mampu membina akhlak kecerdasan spiritual remaja yuk membumikan spiritualitas era millenial merasakan kehadiran allah kehidupan,Negatif
plot twistnya jadi siswa lulus justru menjadi loyalis setia pilpres,Positif
mohon gub temui personil vob marsya firda kurnia vokalis gitaris jadikan sumber inspirasi genz perempuan jabar atas prestasinya dunia artis satu nya perempuan indonesia yg anugerahi bbc london masuk perempuan berpengaruh dunia jangan cuman,Netral
mit aku telepon,Netral
terinspirasi programnya yg jadi kepikiran bikin summer bootcamp buat sma sederajat semacam bootcamp pelatihan segala aspek kepemudaan selama libur kenaikan kelas biasanya minggu berlaku siapapun seru kali,Positif
saran serahkan masuk kpai kpai minta hentikan kirim siswa nakal temuannya,Negatif
angkut ak,Netral
absen mau join tifosi isi sendiri,Netral
jitak aja jitaaakkk kompor meleduk alasanku wait n see aku mah setuju pernyataan terlalu tendensius awasi support koreksi kerja langkah politik tambah baik,Positif
semoga gak baca tweet yaa,Netral
wapres perlu dilaporkan dikirim,Negatif
takut gd kabar krn diseret sama,Netral
kalo sekarang sinchan diangkut sama,Netral
kalau ikut jejak gimana bawa,Netral
pusing banget apa perlu dikirim nya,Netral
yuk indonesia sehabis konser dibawa sama pak,Netral
kebijakan masuk sebulan jalan terbaik belasan tahun umumnya lakilaki paham betul maksud tujuan hidup kedepan usaha mencapai tujuan banget ikutin sama prov,Positif
denis udh masuk yeyy semoga balik tinggal nama doang denis beban,Netral
pro ataukah kontra sikap pendidikan karakter berbasis digagas jawa barat,Netral
coba analisa fenomena sekolah tawuran kriminal apa salah parenting orang tua sekarang sesuai persentase anomali tersebut cukup tepat nurut kasih video soal,Negatif
of course would still silent n still considered of stealing those naughties strengthening his superiority complex soalnya depannya orang dibarak tiba jadi halo dek parcok parjo yg malah makin ngaco kerjanya udah ketebak,Netral
laporin biar dijemput,Netral
mengirim punya masalah kirim pendidikan karakternya zionis israel membunuh menghuni tanah airnya gaza menghentikan,Negatif
wkwkwkwkwkihh boti gua bilangin yaa mauuu,Negatif
wakil presiden gibran rakabuming raka menyinggung jawa barat dedimulyadi mengirim pelajar nakal berpidato acara penutupan muktamar persatuan umat islam medan,Negatif
dulu sekolah ku udah ngadain duluan hari malam tni al kayanya lupa gatau namanya semua siswa siswi kelas wajib ikut ntar sertif buat syarat lulus wkwkwkwk,Netral
harusnya dimasukan pak biar bapak dibilang terbaik dipuja puji setinggi langit kayak,Negatif
bawa,Netral
halo tuh tukang bohong angkut,Netral
absen soalnya disuruh join ama bapaknya,Netral
musti laporin biar dimasukin bangor banget bocah kecil udah jadi tukang bully,Netral
pak satu dibawa pak,Netral
kalo baca chat gua sama ipe tiktok kayaknya langsung dikirim,Netral
hayoo siapa mau masuk easycash,Netral
bukan warga jabar apresiasi gerak cepatnya beresin sungai bekasi bandel didik selama semua institusi negara sisanya cuma ngebacot ga tindakan alasan ga dana,Positif
gibran puji kinerja presiden prabowo mentan amran hingga singgung,Netral
dm aja diangkut,Netral
gub jkt sekaligus salah satu emas megawati amp kader pdip pramono gagas manggarai bersholawat buat berantas tawuran akut kronis knp pendekatan hukum ikutin masukin apa kabar revitaslisasi,Negatif
kpai temukan tempat tidur berbahan kain ala,Netral
aja ngikut saran,Netral
jokowi gak perlu import pangan gak perlu hutang pemikiran miskin vasektomi buat dapet bansos nakal masuk minggu pemikiran fans jkw amp kelakuannya sama gitu,Negatif
shohei,Netral
emang iya kata doyan nenen pria masuk,Negatif
dilaporkan komnas ham gara gara mau kirim nakal begini respons santai,Negatif
dihantam badai kritik kirim siswa nakal bukankah pesantren lebih tepat pembinaan mental akhlak yuk bangkitkan kesadaran spiritual millenial peluang indonesia menjadi super power,Negatif
udah bener solusi masukkan aja kayak gini,Positif
akhirnya memutuskan nonton series maju mundur nonton apa gak season nya tahun depan jadi yaudahlah yaa jangan nonton series suruh semua sekeluarga seluruh pemerannya masuk wkwkwkwk,Netral
gaboleh liar mas dikirim sama,Netral
gua pro soal jadi media terapi nakal menjamin rumah jadi sok arogan pernah dididik wajar jiwa labil mencari jati diri menuju remaja dewasa edukasi etika moral perlu,Negatif
ternyata tampak menjadi isu nasional semua orang merespon sampe dibahas tvone segala congrats exposurenya tinggi nih masa ga mau tap in apa udah,Netral
mohon bersabar wahai netizen budiman kpai sedang slow respon karna fokus kritik mendisiplinkan,Positif
naah bro ade gw iki lele material bgt,Netral
jujur sebenarnya takut ajak sosok putih istana megah alias dibawa masuk,Netral
player game harusnya dimasukin sama,Netral
bawa cs shopeeid india,Netral
kaya ga tau warga konoha aja lu pernah liat konten pandawara pas bersihinin sungai citarum bulan penuh sampah warga konoha ga kasih keras dikit bikin kebijakan aja banyak kontra,Netral
kontra sm soal kayanya emang ga pengen idn maju sukses kalangan aja sukses kaya wkwk,Netral
kalo dijadikan sebuah hukuman salah melanggar nakal berarti pendidikan sebuah hukuman berarti isinya iya ga sih,Negatif
mengirim mahasiswa ijazah palsu,Netral
masukkin boti sialan,Negatif
pdip rieke ono beda sikap soal oneng bawa angin segar alumni,Netral
semoga lihat lalu kirim pembinaan,Netral
parah bener pola pikir fans semua kenakalan solusinya liat aja kasus terkait komentarnya selalu kirim malah sengaja mau dikirim buat menghindari hukuman berat,Negatif
kangdede gengsi dong kalau gubj akarta ikut ikutan masuk jadi beda yg jelas gebrakan memaksa gub bupati seluruh indonesia kerja keras hebat emang,Positif
sering tawuran berperilaku kasar oranglain sebagainya umum labeli nakal berlebihan bukan nakal normal lalu ide memasukkan menjadi lebih baik apa iya akar masalahnya iya,Negatif
untung papua bukan kalau opm nakal begini usulkan latih raider infantri punya daya tempur tangguh,Negatif
menerapkan keadilan restorative justice pelaku pencurian kecil bawah rp juta dikirim dibuat maling kelas teri pencuri ayam bukan koruptor semangat pendekatan kemanusiaan sejalan,Netral
hei varel manusia ganteng punya otak lihat hasil kerja sedikit bicara banyak bekerja bupati purwakarta mengeluarkan ratusan juta rupiah membantu masuk kamu kontribusinya mempermasalahkan,Negatif
otamantis orang tua mantan artis arsip berapa lama habis apa tindak lanjutnya kebijakan viral mengukuhkan jokowi,Netral
mau usul netizen postingannya jelas dikirim sesuai instruksi,Negatif
melarang warga sipil kegiatan sesuai melibatkan siswa sipil masyarakat tetap dibayar dibantu tni,Netral
bukatiktok lihat konten isi video komentarnya menunjukkan bilang tiktok isinya orang bodoh,Negatif
habis anggarannya mau masukkan model begini kebanyakan woi,Netral
dikritik cara penyampaiannya kalau narasinya nakal dikirim kesannya jadi negatif padahal lebih bagus kalau narasinya menjadi pendidikan bela negara anakanak nakal ideidenya bagus cara penyampaiannya kurang baik,Negatif
harusnya tunjukkan video dulu kalau kapok bawa terdekat,Netral
kebijakan mengenai nakal dikirim mungkin lahir niat baik substansi bertentangan nilai nilai pendidikan khususnya nilai nilai pedagogi kritis membebaskan humanis,Netral
kalau setuju langsung dibilang buzzer lihat penjelasan waktu didatangi menteri menjelaskan apa masalahnya solusinya milite,Negatif
mulutnya nyinyir semoga masuk biar diterapi bibirnya sepanjang hari merdeka tahun buktikan mana pejabat jujur soal keuangan kalau spill,Negatif
lawan pelapor emakemak bela soal masuk argumennya dipuji,Positif
klo tawuran mah cuman solusinya adu sama pitbull masukin yakin sumpah efektif,Netral
mas pramonoanung terhormat sholawat an warga manggarai suka tawuran meniru kirim mendingan urusin banjir masa baru jam hujan udah bikin rt banjir jalanan terendam gimana kalau sehari semalam,Negatif
sama,Netral
apa perlu diendorse biar diangkut preman kelas atas biar didisiplinkan lebih merusak kelompok herkowi,Positif
padahal teman meskipun beda pandangan politik malah memperkaya wawasan pak pramono anung mengatasi kenakalan perpustakaan taman mengatasi preman bergurulah pak koster ngopi,Netral
ibu bilang anggota dewan sibuknya ngapain membela sekolah aslinya sekolah dodik bela negara pendidikan karakter,Positif
semua bermasalah dikirim tak percaya polisi jg mendidik,Netral
rakyat banten sedang melawan pikiran malah menggandeng alasan pencitraan jabar krisis putus sekolah mampu malah memakai anggaran miliaran lakukan bukanlah terbaik warganya berebut karier,Negatif
banyak ditangkap sepotongsepotong kasus postingan maling mengganti kerugian korban kerja sosial diawasi petugas jadi masuk tahanan kota,Positif
apa gue aja ikut after utbk merubah hidup bahkan gue belajarrrr buat persiapan mandiri saking ovt snbt gagal,Positif
sekolah anggap kejahatan ujar pak adhel wali murid melaporkan komnas ham,Positif
gua faham pointnya apa betul penanganan butuh pendekatan multidimensi melibatkan stakeholder kalo dokumentasi kegiatannya bilang tahap awal bukan doang kok psikolog dokter hasil kuesioner,Positif
ternyata mau menguasai ranah sipil tuh soalnya rakyat sipil mau dikirim semua sm,Negatif
pendukung pram doel ngga usah bacotin mending kawal jakarta bersholawat,Negatif
menjelaskan pernyataan milih dimasukan baca baik lebih menyangka kasih perumpamaan kurang tepat kebijakan yg terkait bukan fans fanatik beliau,Netral
aja dikirim biarkan pakai gedung buat sekolah gimana,Negatif
semoga orang brengsek ditarik,Positif
khususnya officers series nakal dididik menjadi perwira dididik menjadi seorang gentleman beradab punya selera tinggi so i think menggunakan instrumen kurikulum yg tepat,Positif
jangan diladeni nalarnya beda fobia kata orba intinya salah paham masuk jangan masuk ranah sipil berbeda,Netral
viral rafathar minta masukkan nagita slavina direspons tribunkaltim,Netral
membaca ratarata orang kontra fokus militernya benarbenar tahu substansi kegiatan dalamnya semua opini teori umum terbuka dikunjungi silakan berikan ulasan,Netral
hebat lulusan,Netral
iya memang nakal dimasukkan kan salah satu ide baik kalau beda nakal pidanakan lalu masuk penjara biar punya status mantan narapidana kamu,Positif
jangan bawa aku,Netral
kalau kantor namanya orang penjilat atasan betul menjilat prabowo pakai kelangsungan politiknya,Negatif
pedagang somay keliling sepedanya dicuri orang bilang bawah juta masuk padahal sepeda barang paling berharga keluarga kesimpulannya jangan lihat nilai barangnya,Netral
perlu ga beliau dimasukkan,Netral
malah jadi pinter bohong anyinglah aduin biar masuk,Negatif
bro berpikir menyepak tim tahu tni problematik dibuat berbeda latihan programnya melatih disiplin bukan menjadi tentara,Positif
gibran punya fetish ai prabowo fetishnya mbg si fetishnya,Negatif
lama lama tren menurun remaja berani bersikap menolak dikirim punya pemikiran bukan kecil tahu memaksa dasar hukumnya,Negatif
angkut cantika plsdia nakal garda terdepan,Netral
ajak ayah soalnya ngefans berat sama kamu,Netral
sangat realistis gak pramono jakarta nakal disediakan perpustakaan malam hari baik aja lebih milih ml game drpd baca mau ikut kok isin,Positif
coba nonton dulu konten kebijakannya deh kak menanggapi kok mengundang pihak pihak bertanggung jawab langsung datang menilainya jadi mengkritik tau apa dikritik krn terjun amp lihat sendiri,Positif
apa cuma setuju varrel beliau cuma menyampaikan pendapat loh bilang sepenuhnya benar lah malah langsung dibagi tanggapan orang tua sepertinya mau dibawa,Negatif
permainan media membenturkan solusi perpustakaan memanaskan suasana padahal pramono pernah menyinggung soal,Netral
what is kdms obsession with semuanya aja masuk,Negatif
kalau dulu jokowi apa masalahnya jawabannya pakai kartu sekarang jawabannya pakai,Negatif
mama gigi malas mandi rafathar ngadu dibawa,Netral
mengatakan menolak pengakuan menunjukkan menolak vasektomi setuju semua kebijakan fokus mengkritik substansi kebijakannya mencontohkan kasus,Negatif
mengirim harusnya mengirim kursus programming kelak menjadi software developer andal biar selaras sejarah ibu kota jabar bandung lautan api,Negatif
bosen banget dah sampe kepikiran buat join,Netral
jakarta enggan ikut nakal ala katanya punya kebijakan sendiri lihat faktanya tawuran geng motor perundungan udah kayak tradisi jadi topik berita tiap hari,Negatif
sependapat soal kebijakan vasektomi sertamerta bilang warga jabar menolaknya kritik substansi kebijakannya jangan menyerang personalitasnya,Negatif
papi ruri lapor aja biar masuk gemintangnya,Netral
barcastap telat upacara dimasukin sm,Netral
rakyat banten sedang melawan pikiran malah menggandeng alasan pencitraan jabar krisis putus sekolah mampu malah memakai anggaran miliaran lakukan bukanlah terbaik warganya pencitraan semata,Negatif
arsipaja isi subsidi beras habis lalu bawa solusi kalau ikut dulu makan minumnya teh sosro,Negatif
protes mulu pinter dikit ngapa blogkdm kirim dikira mau dikerasin apa gimana karna lu nangkepnya kata seakan kek pelatihan keras gimana mau maju apa apa diprotes,Positif
kida didik sama sama mana lebih nyaman siswa non,Netral
atas segala kontroversi kebijakan soal sekolah masuk sebenarnya istilah terminologi terlalu ngeri lebih tepatnya semi,Netral
emang bener bener setting udah ngga laku dulu jokowi ahok risma sekarang problem nya bukan lihat baru pihak luar lah besok pulang jamin engga ngilangin perbuatan tawuran sosial ekonomi nya engga tanggulangi,Negatif
bukan literally kandang lu dilatih jadi tentara budak negara coba cek detailnya video media diajarkan dirawat difasilitasi menjadi lebih baik mandiri kalau bukan gesture sebuah kasih sayang lalu apa sobat,Positif
buruk malah ngelawannya jadi jangka pendek jdi pemadam kebakaran kalau akarnya pola asuh ortu kualitas guru tdk dibenahi pendidikan kalau mau lebih serius kasih anggaran buat mendidik ortu,Negatif
orang model bgitu tak beradab amp beretika dibawa sama enggak mencegah orang model pihak penyedia jasa menghormati privasi customer meminta ijin tidaknya tetap orderkan password,Positif
ni fetish nya,Negatif
bakal masukkan pelajaran gemulai,Netral
laporin suruh masukin,Netral
isu putus sekolah sama isu dikirim berbeda ditangani cara berbeda tau pikiran rakyat memang ambil posisi berlawanan how far can you go pak,Netral
pak bawa ujian soca,Netral
okee gass oke gass dki lebih memilih penanganan humanis pasilitas taman perpustakaan meminimalisir kenakalan gub memilih utk menggembleng pelaku kenakalan rakyat gelar tiker pdip vs gerindra nyari tiket you,Netral
iya anjir kok kocak dah dulu keluarga gw nakal dimasukin kebijakan bukannya sembuh malah menggunakan label dilatih sama status sosial akhirnya jadi tambah sok jagoan,Negatif
begini diserahkan noh lihat sama konten penjilatnya percaya sama banyak pesantren kok,Negatif
pendidikan karakter siswa bermasalah militerisasi pendidikan sepanjang hayat kebijakan jabar pesantren rehabilitasi sosial,Negatif
seketika emak emak udah pusing banget sama kelakuan nya yg diluar nalar makin bingung kalo sampe diciduk ditiadakan soalnya denger udah banyak daftarin anaknya dinas pendidikan setempat biar anaknya ikut dibina,Positif
aturan gak usah disensor akunnya mau gue masukin les kumon anaknya kesian otaknya bebal banget pake ngatain orang tua ngancem abis gue lesin mau gue kasih biar dimasukin,Netral
makan gaji buta lebih baik uang disumbangkan yatim buat gaji sampah masyarakat setuju kalau istrinya dikirim titipkan biar dibina campur sama preman,Netral
woi bukan pendukung anis sependapat barakan kalau mau buat jernih air sungai jangan baiki muaranya baiki hulunya bayangkan betapa merindukan keutuhan rumah tangganya kelak dewasa,Negatif
sok tau dikirim sebagian yg bolos sekolah kecanduan game malah menghentikan dana hibah siluman sekolah ponpes kampus dicurigai korup dana pemda berhasil diefisiensi sebelumnya menyekolahkan banyak pake dana pribadi,Positif
kata orang berbicara konteks lalu marahmarah orang salah menebak wajib masuk,Netral
beritanya tulisan apa lebih terlihat dki mau kalah sama solusi masalahnya baru muncul militernya kalau terpikir solusi,Netral
bukan belain tp kegiatan kedisiplinan buat jadi tentara ama sipil tuh beda maksutnya kaya buat pegawai bumn paling cuma seminggu isinya ga selalu latian fisik tp jg pembekalan gimana membentuk nilai korsa,Positif
allah komenan paling lucu hari miftah cantika ditungguin tu sama pak,Netral
mau dimasukin sama,Netral
usulkan ternak mulyono suka menyebar fitnah menjilat manusia pengkhianat munafik terkorup dunia dikirim setuju gak bro,Netral
kirim nakal cak imin gak perlu twitter cakimin,Netral
mulut bolak balik ngomong pendidikan murah biaya ekologi ditekan sibuk ngomelin,Negatif
nih video diskusi mengenai peraturan terbaru sangat dipuj ipuji orang orang harusnya orang orang terutama orang tua guru tuh memikirkan solusi bukannya malah mensupport peraturan silakan disimak,Negatif
cari tahu warga negara indonesia orang tsb bukan kalau bukan warga berarti mantan warga mengadu domba kalau warga jemput paksa biar masuk sekalian,Netral
nya say thank you buat you org tua ga terlalu repotkan buat ngedidik you lagian bawa atas persetujuan orang tua nya perlakuan istimewa bukan didik sprti beneran yg siap tempur cari muka aja,Positif
lebih baik lapor biar kirim bina,Netral
lah gw dong bilang gini pak ngirim lebih baik dikursusin bengkel bubut biar magangnya bengkel gw hahahaha,Negatif
pak yg mengirim nakal latihan lalu menyindir bilang dikirim lebih baik membaca buku buku woy lu akun jualan buku maaa maaa maaarketing,Negatif
boti tulang lunak menantang jawa barat dedimulyadi siswa kemayu justru diangkut semoga jadi cowok bertulang yah,Positif
perlu dikhawatirkan tuh hibah bill gate mau jadi apa bangsa bener datang tu vaksin ksini malah kabijakan ributin katanya kalau masukin bakal berubah jadi keras bagus kan berhati keras jangan cengeng,Positif
konteks barudak bikin konten lepas ngehype,Netral
prabowo ga mau niru masukin bajer jokowi,Netral
defense nya tolol dikirim,Netral
plisss bawa semua pemain beserta staff,Netral
brp lama nye ane mah gak faham coba aye liat daerah ane gak guru pns or pegawai pemprov yg kirim ame aye jujur bro ane mah sebenarnye kaga milih,Netral
ml bikin stresss ajggg jan msup in gwe pwis sampe honor dlu minimal,Negatif
org tua gk tau malu justru buat gtu gara orang tua macam kau taunya cuma beranak gk didik heran malah lebih senang nunjukin gobloknya kalau kau berhasil didik anakmu gk bawa anakmu,Negatif
kak seto kunjungi ala doi malah support,Positif
kak seto tinjau sekolah bilang luar biasa perubahan signifikan dibandingkan lingkungan rumah sekolah formalnya,Positif
jabar dedimulyadi perluas pendidikan karakter warga dewasa warga pembuat onar dikirim mulai juni,Netral
udah banyak gebrakannya kok sampe fokus ngurus nakal aja masalah yg ga kalah penting judol pungli transportasi blum tersentuh oke deh baru beberapa bulan tungguin aja ampe setahun tetep ngurusin seputar aja gebrakan,Netral
hasil kerja terlihat nyata soal diterapkan diseluruh indonesia penerima bansos ikhlas kontolnya dipotong,Negatif
undang pemerintah wajib menyantuni orang miskin bukan suruh orang miskin vasektomi cerdaskan bangsa majukan iptek menjujung nilai agama amp persatuan bukan masukin noviyantiumar tolol dukung ide tolol krn penyembah,Negatif
fans bilek mending dimasukin,Negatif
bukanya pembinaan surat pernyataan orang tua kalau orang tua mengijinkan apa apa orang suruan menggagalkan baik,Positif
coba buzzer masuk biar tahu rasanya,Negatif
bodo ama pencitraan setuju didik guru yg menghukum yg laporkan akhirnya siswa ngelunjak untung negara ga wajib harusnya sih wajib remaja pemuda,Positif
tekad merebut hati banyak orang diakui bukan orang jabar bahkan bukan kerabat sering melihat kontennya kpai pernah protes soal kebijakan terkait pengiriman merespons serius,Positif
melalui sdm mengirim nakal bagian penyelamatan mental didengar orang tua guru usulan dididik cinta tanah air nasionalisme hormat orang tua guru dikenang kelak,Positif
moment kocak tanya tanya sekolah seru,Positif
kabarnya mas a m segera dimasukkan,Netral
apa ga takut dimasukin sama,Netral
penuh haru detikdetik orang tua siswa menangis soal apresiasi atas,Positif
video drama setingan katanya seorang warga jakarta utara minta bantuan anaknya dimasukkan sepertinya jelas buzzer mulyono lainnya selalu menyerang pramono anung berbagai isu,Negatif
semua takut bahkan adik besar ikut paskibra takut diberangkatkan,Netral
sepertinya kalau jadi pusat dikirim terlalu maniak mobil legenda,Netral
akhirnya istana dikaji kebijakan pengiriman siswa nakal,Netral
pemuda orang dewasa nakal digiring jabar tegaskan bela negara amp kedisiplinan bikin resah masyarakat belanegara jawa barat,Netral
pantes nerapin aturan ngirim bermasalah kelakuan pemuda nya banyak norak kampungan begini,Negatif
sekolah betah masuk akmil akpol lulus jabar jawabarat sekolah akmil akpol,Positif
bawa asep suruh pushup sekarang,Netral
serangan makin masif padahal diajarkan disiplin bangun pagi bersihkan kamar hidup teratur sopan santun keterampilan dasar masa depan orang tuanya menyerah anakanak diajari perang lempar granat menembak bazoka,Positif
harusnya masukkan pesantren asrama keagamaan dikit dikit kok dimasukkan mentang pernah ikut retret deddy bikin sensasi sajabisa sendiri yg malah dimasukkan prabowo,Negatif
orang tua keluarga mampu mendidik bandel datang memberikan opsi izinkanlah pemerintah ikut mendidik melalui jangka panjang menjadi akar rumput baik bandel kelak menjadi orang tua bijak,Positif
orang orang kok heboh sih anjirrrrrrr bikin kebijakan orang tua daftarin anaknya persetujuan sekolahnya bukan ujung ujungnya ditangkapin dimasukin liat netizen x ngakak sok pinter padahal iq rendah,Negatif
mau generasi alpha generasi z kedisiplinan ketaatan senior orang tua guru penting kedisiplinan terus ikut tren gadget kehilangan kemampuan menjaga kedaulatan nilai kebangsaan,Positif
aksi preman berkedok ormas rocky gerung sentil harusnya preman dibawa,Netral
tegaskan buat pergub terkait pendidikan siswa nakal,Netral
kalau habis nonton muncul ide nyeleneh sekalian ikut biar kontennya makin berwarna bukan jalanjalan lihat kali sesekali coba masuk jadi contoh nyata bukan omongan,Negatif
warga surabaya sangat mendukung mengirim siswa nakal dididik bagaimana kalian semua,Positif
bapak mau masukkan ibu katanya terlalu sering beli skincare,Netral
wah sih ironis banget dulu sempat viral negara hina guru sekarang malah minta kirim siswa gemulai,Netral
rata rata masuk justru anakanak berasal keluarga bermasalah orang tua bercerai sering bertengkar akibatnya mental terganggu menjadi sulit diatur,Positif
ibadah belajar ngaji beneran mengurangi penggunaan gadget tujuan diadakannya selama diberi makanan sehat bupati tetap belajar,Positif
dibayar berapa bicara banyak orang tua setuju janganjangan tahu apa maksud kebijakan,Positif
telponin mi biar dikirim,Netral
kalau engga kirim biar dijemput sama,Netral
dedimulyadi melakukan pembinaan denngan memasukan nakal aja pejabat elit bahkan wali murid ga terima kalo bocil melakukan kek gini rugi orang banyak,Positif
aksi premanisme berkedok ormas rocky gerung sentil lebih baik preman dibawa premanisme,Netral
prediksi meleset baru minggu lalu prediksi jadi kenyataan kebijakan menjebloskan siswa nakal berpotensi melanggar ham dituntut orang tua murid,Negatif
solusi kamu minta solusi cari pemimpin yg sdh berhasil mendidik siswa berandalan negara tetangga punya sistem apa kamu setuju diterapkan dsni,Positif
gue ngga ngerti logic ngirim siswa nakal bantu mencerahkan,Negatif
bilangin aja biar bneran dimasukin apa mau kantor gue nih kosong,Netral
soal isu pelajar nakal dibawa keluar lah muji kebijakan tentunya negara selayaknya jadi kerajaan,Netral
anggap siswa bermasalah sekadar pindahan sekolah semuanya beres padahal sekolah punya mekanisme pendisiplinan tersendiri sekolah punya kontrol kuasa atas tubuh foucaldian pendisplinan bukan hukuman,Negatif
semangat wil kamu diangkut sama wkwk,Netral
kebijakan menuai pro kontra mengirim nakal efeknya luar biasa ukir terus prestasi dedimulyadi cuman jangan gorong nyebur got rakyat trauma pencitraan,Positif
banyak yg klojotan awas dibawa loh,Netral
mendukung dedy terus menerapkan nakal dimasukan lihatlah cina pendidikan rasa hormat orang tua yg bekerja keras maju terus bersama nakal masuk,Positif
taeyong kl jd skrng ntar dimasukin sm,Netral
lha rano malah menyindir soal bandel dikirim padahal sebelumnya ikut mengomentari dki wah mau menang sendiri,Netral
permisi angkut wasit kompeten,Netral
pak dong mau bekerja menjadi beban keluarga mending dibawa berguna cuma menghabiskan uang menyusahkan orang tua kalau bicara orang sukses,Netral
masukan ala,Netral
hadir angan tanya macammacam serius buat laporan jawabannya bukan selfie aksi nyata,Netral
kebijakan pendidikan segera diperkuat melalui penerbitan peraturan pergub mengikat hukum seluruh daerah jawa barat disampaikan langsung,Netral
menteri ham natalius pigai menyatakan kebijakan jawa barat mengirim bermasalah melanggar hak asasi manusia,Positif
takutnya diseret bersama,Netral
bagaimana nih nunez dikirim,Netral
pejabat ditanya solusi suatu masalah prabowo jawab makan bergizi gratis gibran jawab,Negatif
masukin,Netral
banyak siswa tingkat sma smk jawa barat kini mengikuti pelatihan siswasiswa dimasukkan,Netral
jakarta mendidik anakanak nakal melalui jakarta ayo hadir,Netral
sebenarnya terlalu ekstrem emosional support misalnya vaksin tbc vasektomi oke kalau soal gamer langsung dimasukkan setuju,Negatif
memasukkan merugikan malah menjadi contoh daerah patut ditiru,Positif
ngetawain video laporan suaminya ga mau kerja cuma goler rumah disuruh masukin cenah,Netral
benar begajulan meresahkan membahayakan warga begajulan dikirim menjadi solusi jitu,Positif
menyampaikan warga ngeluh mulu pingin punya pacar sering kabur pas dideketin masuk kalo obama jauh,Netral
usulkan nakal dibina alasannya jumat pendidikan jawabarat,Netral
lu nimbrung tp ga tau konteks org bilang kasih lepas tannggung jawab ga ad fans lu aja tolol ga tau konteks,Negatif
jumatan gen kalo ga gw telpon suruh nyeret lu ngentod,Negatif
gue setuju sih nyuruh main mobile legend diangkut alias anjinglah makin lama makin makan hati main game,Positif
kumpulan video drama bocil vs jadi nurut banget bocil kalian gini ga takut mamah takut pak bocil nurut viral,Positif
keknya ngirim ulti nya,Negatif
menteri ham sepakat bentuk karakter,Positif
ala bapak aing kagak dimasukin list sama hassan,Netral
debat tak puas soal penggusuran rumah bakal dibawa,Netral
oalah fans ternyata pantes pola pikirnya gitu kalo masuk jadi baik negeri aman sentosa kak mana begal rampok,Negatif
sama sekali ga membantu meningkatkan tersebut even in his own province fokusnya kemanaa coba vaksetomi n does it help our economy status kebijakan membuat yg nganggur jadi punya kerjaan,Negatif
lauched siswa bermasalah pemutihan pajak kendaraan larangan study tour larangan wisuda tk gapura panca waluya persib juara we are living in a simulation,Positif
telpon ka biar dimasukin,Netral
emang laporin biar dikirim tu bocah tuman pak,Positif
pliss garnacho k jugaa,Netral
begalisasi siap salah udah ditahap pengen dibawa biar gue ketemu jodoh tni disanaa colek kiwkiwww,Netral
siswa nakal dikirim diinisiasi jawa barat dedimulyadi berpotensi menjadi nasional sa kementerianham,Netral
mau ikut nya opo,Netral
kata kecanduan park chanyeol wajib masuk,Netral
jawa barat dedimulyadi mengeklaim metode pendidikan membawa siswa nakal melanggar hakhak ll,Netral
apa dilakukan benar membina karakter siswa pihak sekolah orangtua sanggup membinanya kalau sanggup dipaksa,Positif
jabar bertemu menteri ham bahas pendidikan karakter,Netral
laporin kirim tahun pelakunya tahun wajib tahun magang tahun pendidikan ormas,Netral
takut hantu takut hayoo dek kamu kalo gamau makan dikirim loh,Netral
mengatakan pendidikan karakter siswa smp sma sederajat bermasalah merupakan solusi terbaik,Positif
skrg blm merasakanmelihat dampak nya atas kbijkn nya mengirim ank baru harapan mrk stelah nya akn menjdi org baik kmbali semoga stelah selesai pendidikan mrk tdk inisiatif you bikin ormas berabe negeri,Netral
kalo udh jaman gue kayanya gue yg dikirim dah sm sekolah telat hampir tiap hari cabut an keluar sekolah,Netral
arsenal trophy mengirim seluruh pemain staff,Netral
mamah aku takut sekali ku dibuka strangers terus tiba tiba lapor pak trus aku dibawa,Netral
terkhusus suami ktp jabar nakal siap siap istri nya ngadu biar suaminya bawa suaminya kebanyakan latihan mulu sama teman nya nongkrong sama temen nya sampe lupa malam jumat istrinya nungguin,Netral
kalo abu lahab langsung telepon biar dimasukin,Netral
diskusi orang tua sekolah tni bukannya menyerah sanggup mengurus anaknya,Positif
orang jahat sama jungwon dilaporin dikirim,Netral
orang orang dikirim sm dibilang wamil ga,Netral
natalius pigai menyatakan dukungan penuh kebijakan jawa barat mendidik siswa bermasalah,Positif
kalau jabar udah dimasukin sama,Netral
kasih info lekong biar bawa,Netral
memang jauh lebih mengerti soal latar belakang situasi apa dibutuhkan jawa barat dibanding ridwan kamil mengirim bukan cuman semata memberikan pembelajaran cara hukuman pelan diterima masyarakat wamil asumsi,Positif
orang berwenang menekan apa solusi tandingan pengiriman perlu gusar,Netral
masukan mentalnya rusuh contoh dilakukan jabar,Positif
dibesarkan tradisi sunda sangat dekat heran punya pikiran mendisiplinkan siswa yakin orang sunda mendukungnya jadi rasional mengagungkan tradisi sunda justru percaya modern,Positif
mending lihat dulu video konten maksud kirim apa videonya kok youtube kebijakan ga cuma tni terlibat dinas kesehatan pendidikan sosial kpai orang tuanya diberi bimbingan,Positif
si beler mungkin kalo skrg sma udah dikirim,Netral
cuma modal pemutihan pajak wahh sorak warganya terhanyut sama politik sesatnya kalau dilihat pemutihan pajak pengiriman warga nya bermasalah si tak punya solusi buat permasalahan warganya,Negatif
dear serius nanya kalo nakal kan kirim lantas kalo ngacak ngacak kirim,Netral
kena judol gak dikirim sekalian sama gub konten,Netral
gebrakan kini pramono mulai menggratiskan alat transportasi inilah persaingan sehat perlu memaki menghina cukup gebrakan kinerja baik kalau ditinggalkan kedepannya,Netral
tanggapan warga jawa timur terkait pendidikan karakter siswa jawa barat,Netral
aura cinta tantang debat tak puas soal penggusuran rumah bakal dibawa,Netral
tiap melakukan sedikit kesalahan dirumah papa aku bilang bilangin siah biar dimasukin stooppppp lah,Netral
orang dewasa bermasalah masuk tujuannya apa tindak pidana ringan naik level tindak pidana berat setuju tulis kolom komentar,Netral
harusnya dibawa sama wkwk,Netral
nih emang gak riset kalo riset harusnya dimasukkan bukan pemain mobile legends pemain blue archive,Netral
udah paling bener bikin buat begini,Positif
mungkin alasan masukin nakal,Netral
ramai orang tua daftarkan sekolah tni kira kira berubah tulis kolom komentar,Positif
kalau mengirim bermasalah dianggap melanggar ham mengirim kepala daerah magelang retreat melanggar ham,Netral
kebijakan kirim siswa ka sacil did that first nya om,Netral
kamera on vasektomi sumpah lanjutin dah pen liat sejauh mana gebrakan nya ampe bekasi gadisentuh transum nya cm konten konten doang mah hadu,Negatif
pak belajar matematika,Negatif
tetep salah polisinya penanganan yg gak terbuka tempatkan intel buat capture wajah aksi pelaku lalu jemput rumahnya masing dgn bukti hasil capture proses bap polres kalau kerjasama utk pembinaan kaya,Positif
kriteria siswa bermasalah dikirim,Netral
silahkan dikirim terdekat,Netral
siswa mendukung inter tadi malam dikirim,Netral
jelaskan soal ham lebih mendalam komnas ham kpai beberapa kali disinggung atas kebijakannya sekolah tni,Netral
panggil dikdasmen tanyakan kanapa banyak sekolah ga layak jangan persoalkan programnya sma taruna nusantara berada,Netral
lapor langsung dimasukin,Netral
semenjak nyemplung dunia politik malah jadi pencitraan dulu bareng pak mulyono kerja biasa aja sekarang kebijakannya penuh kontroversi musyawarah enggak jalan vasketomi dipakai alasan menuntaskan kemiskinan gila dibikin ujung endingnya ancur semua programnya,Negatif
hak dasar manusia mendapatkan perlindungan menjalani kehidupan normal memberikan pembinaan pelajar bermasalah tujuan menumbuhkan kedisiplinan menjadi manusia seutuhnya hak asasi manusia,Positif
kalo ga masukin aja sama,Netral
ngomong kebijakan memasukkan bawah umur sesuai kurikulum kurikulum mana mewajibkan bawah umur melanggar disiplin sekolah dimasukkan,Negatif
rasa danramil banget gimana kalau mulai memulai kan teladan semua kemalasan kekurangan asn dijamin selesai katanya ikan busuk kepalanya jadi kepala daerah dulu dong dibarakin,Negatif
kebijakan memasukkan bawah umur dasar hukumnya kebijakan pendidikan diatur pusat turun daerah memaksa bawah umur masuk padahal aturan sah sistem pendidikan negara,Negatif
pas mau pemilu dikasih bansos pas dikritik malah nyindir bukan voter bukan pendukung kebijakan beliau baru kontra termasuk soal dimasukkan lihat perihal bansosnya mau dibawa mana,Negatif
dikirim,Netral
nanii kalau neona susah dibilangin bilang aja sama gue gue nurut kok neona taruh bareng gapapa,Netral
sangat dahsyat bocah tawuran dimasukkan mencegah makin banyak korban tewas berjatuhan,Positif
jawa barat mencanangkan pengiriman siswa nakal komisi x dpr ri merespons memanggil kementerian pendidikan dasar menengah membahas apa dilakukan,Netral
jabar soal sekolah dianggap melanggar ham bapakibu jelaskan mana lembaga biasanya bersuara soal pelanggaran ham,Netral
diusulkan kalau disiplin biar tepat waktu lebih teratur,Positif
kan emang rencananya sih kalau mau bawa orang dewasa bermasalah jadi pendidikan militernya pelajar lebih berhasil,Netral
meninjau sekolah keren banget terlihat jiwa bela negaranya gagah berani,Positif
komnas ham murka mengirim bandel pengganti wajib mah setuju mendukung jadi gimana dong,Positif
waduh masuk kamu,Netral
mengkritik soal mendidik coba deh kasih solusi gimana caranya menanggulangi bermasalah kalau orang tuanya aja angkat tangan sekolah sanggup,Positif
jawa barat menargetkan orang dewasa dianggap bermasalah dibina sekarang fokus orang dewasa,Netral
suruh jadi sumut kali biar dikirim,Netral
semenjak kebijakan soal masuk banyak ibu ketolong krna ngancem anaknya bandel buat dimasukin baraknya fuck lah kebebasan kudu budak ayeuna ma wkwkwk,Negatif
kayaknya sekarang ga takut apabila keluyuran malem bakal culik kalong wewe culik sandikala lebih takut apabila telepon dimasukin bina,Netral
gadis hijab suka minum dibina sekolah awalnya diajak teman grup wa bernama hijab warsat,Positif
lelaki emak julid tdk perlu segera ceraikan emak julid nyamar jadi fansnya,Netral
jawa barat mengusulkan pegawai pemprov jawa barat malas produktif dikirim mengikuti pendidikan,Netral
emang ngirimin anakanak buat latihan paling buat disiplin bangun pagi olahraga barisberbaris tugas kelompok materi kebangsaan psikolog jangan disangka masuk dipukul disiksa suruh tiarap ditembak makan ular pushup,Positif
ngirimin nakal mental perilakunya membaik menghadapi oligarki mentalnya diam,Negatif
waktunya kirim pendidikan kata,Netral
kurang adil sih pak kalau cuma siswa nakal gemulai aja dikirim siswa biasa penasaran pengin ikut masuk alaala wamil seru loh,Netral
mukulin kirim aja pak hobi teller aja,Netral
hati hati kak dikirim ama,Netral
nah si mami ikutan dong nyuruh gue diungsikan tuh garagara bikin berita bermasalah dibawa astaga,Netral
random banget mami sama ayah gue waktu gue marahmarah malah nyeletuk diungsikan aja padahal kenal,Netral
aku tadinya mau lapor mau minta masukin kamu akibat selingkuh,Netral
langkah mengirim bengal seems familiar,Netral
dilapor aja apa biar dibawa,Netral
akhir akhir fypku isinya mulu banyak setuju sama rencana beliau paling suka sama vaksin terus penghentian hibah pesantren sama ngirim anakanak keluar jalur poles aja planningnya biar kayak jatim,Positif
selamat mewariskan trauma sosial pola represif selamat anakanak jadi tumbuh ketakutan orang tua mengancam kalau nakal masukin,Negatif
sepatu nakal,Positif
dikirim jawa barat aja bu sekalian ama cowok nya biar masuk biar sadar orang tua susah payah mencari uang mendidik kecil,Netral
aku heran sama orang xtwitter sensi suka kebijakan pak prabowo dukung kebijakan terutama soal apapun permasalahan solusinya pandanganku lebih berbahaya merusak iklim demokrasi negara depannya,Negatif
justru ekspektasi buat siswa gemulai dimasukin sesuai realitanya tentaranya normal luar area jadi bahaya,Negatif
kamu pengen berhenti mainmain nih sedang memberikan nasihat siswa masuk lembang bandung barat pagi pukul wib senin,Netral
ntar kalau represif mau tanggung jawab mendidik nakal keterlaluan oke lah kalau semua lah,Negatif
waktu siswa tawuran bacokbacokan korban jiwa dikomen malah melanggar hukum kirim siswa lah kok malah rame komen kayak gitu,Positif
kirim laporan biar dikirim senin,Netral
momen memantau anakanak dimasukkan,Netral
tak pelajar siap kirim warga sering buat onar berkelakuan buruk masyarakat,Netral
tahu apa cowokcowok wajib korea selatan aja tetap kelakuannya kayak babi sekolah bermasalah tuh bagiannya guru bk bukan langsung direfer psikolog,Negatif
kamu mah mending ikut aja,Netral
setuju pisan pak barudak anakanak zaman sekarang tuh terlalu manja kalau jadi salamet jeung nyanghareupan kahirupanana selamat kuat hadapi hidup,Positif
ungkap mekanisme kriteria hingga siswa bermasalah masuk,Netral
lebih banyak ga worth it nya ikut kader bentak doang ngapain mending langsung ngajuin diri buat dimasukin awkwkwkwk,Netral
gue warga jabar kebijakan cuma buat heboh doang kirim nakal lah vasektomi jadi syarat bansos lah masalahnya diselesaikan akar cuma permukaan aja,Negatif
kpai buta hati jadi objek pembinaan anakanak remaja adik kakaknya jangan ajarin ngirim bawah umur harusnya malu,Negatif
dedy perlu masuk ikut,Netral
iyaa lihat oren isinya kayak seragam ormas zumba satpam camo indo core takutnya malah jadi kayak bokem mau masuk,Netral
sindir elit komnas ham soal sekolah masuk,Netral
berencana kirim siswa nakal gus ipul perlu dikaji,Netral
udah dibilang next rk kalau rk semua masalah solusinya taman nah kalau solusinya samasama ngasih solusi cuma permukaan,Negatif
anti masukin nakal buat dididik disiplin cinta tanah air sama memuja singapura korsel sdmnya unggul lewat wamil ironis,Negatif
ternyata efektif programnya anakanak jadi lebih nurut sama orang tuanya dikasih ancaman bakal dikirim,Positif
doakan anakanak hasil didikan jadi hebat membanggakan tinjau dong gizinya cukup,Netral
gue heran bagian ruang tni or langsung indonesia gelap soal militerisasi bagian anakanak dikirim malah banyak dukung penuh padahal pendidikan jadi terdampak,Negatif
loh pembinaan lewat orang tua pendekatan nonmiliter buat nurunin kenakalan remaja masa kirim siswa literasi sih,Positif
mungkin oversimplifying sih kalau bahas sekalian bahas sistem hukuman dunia beyond penjara menarik,Negatif
setujukah kalian statement pak dasco terkait kebijakan kirim siswa nakal dikaji ulang,Netral
tenaaaaang banyak fans bidji bakal support kebijakan ntar kepanggil masuk overglorify kayak bermensch,Negatif
asal lo tau bukan cuma cutecute doang malah kayak bokem masuk kelakuan,Netral
tadi pagi sekilas lihat mojitv bahasan sekolah nakal disekolahkan kayaknya salah satu pemicunya geram kenakalan remaja termasuk maraknya geng motor,Netral
mantap kpai komnas ham silakan protes bukan cuma soal nakal jawa barat membuka kemungkinan menggembleng siswa bermasalah ala,Positif
bangga hari dijadikan momentum pendidikan tingkat kedisiplinannya tinggi pendidikan dinilai efektif,Netral
alasan kirim siswa pelajar nakal,Netral
apa dilakukan benar paling cocok solusi jangka pendek bukan jangka panjang,Positif
ditanya soal payung hukum koordinasi kpai jawab keputusan orang tua menyerahkan anaknya,Netral
pak kirim yatifa cs pelanggaran tetap bikin gaduh,Netral
menarik tadinya sepakat baca lebih lanjut sadar solusi sebenarnya terdengar mudah padahal eksekusinya sesederhana,Negatif
bukan cuma nakal bakal kirim siswa gemulai bukan cuma soal kenakalan pembentukan disiplin,Netral
ruang kritik yg mana nanya kapasitas mengurusi bermasalah gak terjawab nanya bukti konkret sukses ngurusi bermasalah gak terjawab malah bajer tantrum,Negatif
gue tantangin fans bidji nunjukin mana sukses beneran ngubah bermasalah jadi baik kalau gak jangan cuma nyerang kritik,Negatif
terjun langsung pelepasan bermasalah resimen berbicara orang tua sanggup urus anaknya,Netral
kalau bukan vq coachnya udah dilaporin dkm kali biar masuk soalnya kelakuannya sungguhsungguh gak sopan rebahan kipaskipas doang,Netral
ga semua siswa dikirim lihat dulu konteksnya anakanak dikirim dianggap berani melakukan tindakan kriminal kebetulan jabar daerah kasus tawurannya banyak termasuk bodebek,Positif
coba kayak dimasukin ala,Netral
udah liat postingannya yg,Netral
meninjau pendidikan bela negara tni polri purwakarta,Netral
bukan cuma nakal jabar berencana menggembleng siswa gemulai ala beberapa mulai dididik sejak mei,Netral
metode edukasi semacam tulang lunakanakanak butuh tantangan punya potensi tinggal diarahkan patriotisme kemanusiaan,Positif
gak yakin bandel masuk langsung tobat kadang malah jadi makin jumawa lihat ormas aja kadang kayak kecil,Negatif
bukan fans biasanya masuk bukan cuma soal latihan fisik justru jadi bentuk penyiksaan gak didampingi benar,Negatif
terus gubernurnya diem aja padahal fansnya rame menghujat kebijakan pendidikan eh ternyata dianggap panutan justru punya solusi konkret bukan cuma omong kosong kayak begal geng motor,Positif
alasan kirim pelajar smp sulit diatur sekolah keluarga,Netral
gini bang kalau dimasukin polisi penjara malah makin rusak mending masukin edukasi bukan berarti dijadikan tentara,Positif
nakal kemarin masukin lebih arah disiplin disuruh bersihin kamar mandi sanksi sosial lainnya,Netral
susah bgt kak kalau orang cuma baca judul padahal bilang kegiatan keagamaan tanam akhlak orang ngetweet gak riset dulu asal ngomong aja,Positif
jadi bridging mau masukin bandel dilatih katanya sih biar gak ngerokok minum berantem kalau dibandingin ngelakuin serupa,Positif
kan ga latihan bilang dibawa anakanak kondisi mabuk punya potensi masuk penjara mati jalan tawuran,Positif
kontra sama kebijakan jawa barat coba cek videonya inilah alasan sekolah tawuran dimasukin barakkarena meregang nyawa,Positif
bukan cuman gimmick semata momen jabar tunjukin siswa bandel langsung dikirim,Positif
motif utama mengirim bukan cuma disiplin motif jilat atasankarena big bossnya eks jadi cocok cari perlindungan politik,Negatif
gw dapet info profesional kalau butuh bantuan gratisan minta bukan berarti semua usulan diterima mentahmentah bermasalah jangan asal dimasukin pertimbangan matang,Negatif
pokoknya dibela nyamain sekolah nerima perbedaan pendapat aja gak mau ketawain aja deh mulyono julid jatuhnya,Negatif
harusnya siswa sering tawuran mabuk dibiarin aja warga x seneng lihat begituan gimana sih malah dikirim kan jadinya banyak kontra,Negatif
bikin label nakal aja udah ketauan kalo jajarannya gak paham kok dikira memperbaiki psikologi bermasalah,Negatif
jabar tengah melaksanakan mengirim tawuran video pengumumannya dimulai mendirikan narasi orang tua murid setuju lisan tertulis memancing keluar jelas ketidakmampuan,Positif
suasana belajar baru tahun,Positif
jabar pembinaan terlibat kenakalan remaja memasukkan tujuannya membentuk kedisiplinan tanggung jawab lewat pelatihan ala,Positif
mantan siswa pernah tidur apel pagi lapangan makan porsi kuli aula makan tentara setuju gebrakan programnya cukup efektif melatih mental disiplin by the way gak setuju uda pernah tidur kan iya kan,Positif
masak cuma nakal yg dikirim orang dewasa yg bikin tanah longsor memakan korban jiwa wilayah jawa barat gak sekalian dikirim,Netral
sebenarnya yg layak dibawa didik coba orang jawa barat melihat gubenur norak arogan ku giring ramai pantaslah otoriter klau klo jadi pemimpin,Negatif
himbauan kpai berpengaruh jadi segera masuk tindakan dilakukan kirim kpai mendukung kirim semua anggota kpai,Positif
randomable deny cagur ovj mana tinggal pilih,Netral
go indonesia tunjukkan sdm mundur wujud netizen tolak hujat,Positif
kan sekarang si taim lg deket sama apa ga sekalian aja gitu yah masukin si taim pak,Netral
masuk kalo ngejabat pas sma,Netral
jg lg bikin gratis,Netral
mungkin maksudnya baik mendidik preman kirim kalau pondok kan biaya sedikit,Positif
iya harusnya cocok jadi presiden aniess bukan yg suka naro nakal,Negatif
pak rafi ketakutan mau dibawa,Netral
perlu masukin selesai dirinya sendiri,Negatif
ide pelaku kriminal kirim riset darimana coba bukannya tobat malah tambah jago merasa makin keren negara mana gak pembinaan pelaku kriminal,Negatif
lucu liat survei kepuasan padahal kerjanya cuma nyebur got duit pribadi joget marah pemutihan pajak masukin bocah doang gubenur dki yg kebijakannya strategis kesehatan pendidikan fasum fasos transportasi mala,Negatif
siswa ojek lembang ghost rider,Netral
mau edukasi ngelihat bentuk rasnya sih india negara yg dunia sendiri kalo org indo ngikutin ginian mending dikirim jg lah,Positif
sih dilaporin biar dimasukin barang,Netral
rocky gerung bilang konyol membahas soal sekolah kebangsaan pendidikan menurutnya latih otaknya bukan bawa bagaimana pendapatmu tulis kolom komentar,Negatif
fenomena menarik terjadi warga sumatera selatan rela datang jauh jauh jawa barat bertemu tujuan bukan alasan meminta mengikuti digagas,Positif
survei indikator hari kepemimpinan masyarakat setuju atas kebijakan kebijakan terkait banyak mulai study tour hingga sekolah bagaimana pendapatmu puas kebijakan,Positif
yaelah biarkan kau masuk sama mau,Netral
orang tua pelajar oki tempuh jam bandung titipkan,Positif
sebut kirim orang ngasih minum anaknya susu liter per hari,Positif
tuh mulyono soon to be gue sampe debat sama bibi gue soal masukin bermasalah lulusan pendidikan gue jelas ga setuju cuma solusi asbun,Negatif
mahasiswa yg gagal kuliah amerika masuk,Positif
bilang biar bawa lasih senjata kirim papua biar lawan opm nih bocah biar tau rasanya nangis kencing darah kebiri opm,Positif
ujian seleksi masuk,Netral
gak sih gebuk kepala orang gak bakal dilaporin kan aku takut disuruh masuk,Netral
kpai sibuk ngurus kalau ngurus ginian gak spotlightnya,Negatif
lah kan emng akar masalahnya udh temukan pak melarang sd smp memakai handphone trigger lebih disiplin ga kayak wamil korea kok wkwk parah kamu pak pantesan dapet suara cuma,Positif
pak mending nih aura angkut dah nyebelin bgt,Netral
orangorang suka diaturatur hidupnya pejabat menganggap pejabat lebih tau butuhkan vasektomi ga ngerti nurut percayalah dianggep keren kalo kinerja sebagus terus bukan ga mungkin one day jadi capres,Negatif
dibalik layar ternyata melibatkan ahli grafalogi membaca emosinal dimasukan pendidikan,Positif
lapor bawa,Netral
lapor kak biar dibawa udah susah mah bader bngt,Netral
pak emyu angkut aja biar musim depan cageur bageur bener singer pinter,Netral
enggak soal disuruh,Netral
yg disurvei ibu ibu tak nakal yg dikirim biasa pengangguran jabar penonton setia channel yt cukup tuh jumlah respondennya mahasiswa ui itb unpad uin disurvei gak gak berani nanya,Negatif
bang kalo daerah jakbar panggil aja masukin,Netral
kebijakan mengirim siswa seakan terobsesi membuat kebijakan pendekatan kali menerapkan jam malam buat pelajar,Positif
coba dikirim,Netral
kpai luar biasa bertanggungjawab ngurus kenakalan parah bila berhenti mengirim siswa pemprov jawa barat dprd provinsi jawa barat pikiran rakyat dpr ri,Positif
awas aje loe yg ikutan fanwar gue lapor biar loe,Netral
kirim mabuk mabukan hingga tawuran khofifah bukan nakal,Positif
i still believe every policy have nothing to do with the central govt policy bikin karna keresahan nya tawuran antar yg tdk kunjung ditanggulangi pihak yg terlibat kpai dpr udah turun grassroot sejak lama,Positif
wow siswa bandel berubah jadi percaya diri tertib habis digembleng salut buat bikin tawuran cium tangan ibunya bangga banget cuma hari bikin perubahan luar biasa bro cocok nih buat inspirasi,Positif
jawa barat mengancam pelaku perusakan rumput gbla dimasukkan ranah pidana proses pidana solusi sekalian hatur nuhun tulis instagram,Positif
terus emang cukup anggaran apbd nya sing rasional atuh bapa,Negatif
dianggap merusak fasilitas lapangan mulai menggunting jala gawang hingga mencabut rumput lapangan mengancam menyeret pelakunya ranah pidana memasukkannya nah kirakira sahabat gimana nih,Positif
bobotoh rusak rumput gbla pidana,Netral
stadion gbla dirusak perusakan rumput jaring gawang stadion gelora bandung lautan api gbla oknum suporter membuat jawa barat kesal persib persibjuara bobotoh gbla gelorabandunglautanapi bandung ifllzr d,Netral
suatu titik menjadi rekan bisnis dr berbagai proyek perbaikan mental dgn anggaran dr apbn semakin membesar upaya merangkul militermiliterisasi sipil dr bs jadi mengincar dukungan tni utk karier politiknya d masa depan,Negatif
hp terossssss awas kalau main hp teros dimasukin sama,Netral
masukkan bersama nakalnya eddan eddanlah,Netral
apa dibawa ranah agama utk bikin rusuh aja pdhl wkt bawa bermasalah pernah nyebut agama mah loe aja yg emang pengen bikin ribut,Netral
taufikdamas pak yai gus stakof ijin berpendapat pernah santri pernah diklat bagus mengubah karakter seseorang catatan istiqomah implementasinya kalau berpotensi sombong lapangan,Positif
model bupati klo jabar bs masukin sm,Negatif
anakogi mana nehyg treak melanggar hak klo masukkan yg laksanakan,Negatif
momen alumni sekolah perubahan sikapnya disorot teman ggw nof lewat tribunnews,Positif
bikin baik pingin naksl nih biar ngerasain serunya siswa bravo,Positif
laporin suruh masuk bupati nyabiar dididik lgi mental karakter kepemimpinannya,Negatif
jelema gelo lama lama gue panggil biar dimasukin,Negatif
kebetulan tadi sempat ketangkep pagi dijemput dibawa mohon bantuannya,Netral
simamaung ulah hayang aya perpisahan bisi diasupkeun ka ku,Negatif
fetish anjir jadilah yg biasa biasa,Negatif
mana sini siagian mau gw aduin biar angkut,Negatif
orangorang suka ngatain sok inggris sekalian dimasukkin aja ga sih,Netral
malas didik solusinya lempar aja hari makin banyak berita lewat terus,Positif
dulu dianggap nakal kini berubah jadi pribadi lebih baik rajin ibadah disiplin penuh semangat pengalaman benar benar mengubah cara pandangnya kehidupan tanggung jawab siswa video editor,Positif
prokontra,Netral
skrg mana mana bikin,Negatif
pimpinan dprd kota bekasi sebut kebijakan masukkan siswa nakal pas,Negatif
gerindra min dong sampaikan abah aing nih guru begini pantesnya dipecat masukin,Negatif
paling cocok buat menetralisir energinya spy menjd yg positif dicontoh jawa barat by sdh nunjukan hasil,Positif
jadi inget cina sebuah lembaga khusus bertugas menangani masalah bandel susah diatur bahkan sampe adu mulut hingga fisik si bakal dikirim buat didisiplinkan terinspirasi situ,Positif
jadi cara cara apa menggembleng pelajar remaja soalnya bilang cara dangkal menangani masalah,Negatif
bawa aku dong aku menyerahkan diri sepenuh hati jiwa ragaaa,Positif
kabarnya mau dimasukin aja ngab sama,Negatif
ga tau bang banyak aneh akhir akhir sama kebijakan kirim ribut padahal punya yah demen malah berterimkasih aneh sih jalan desa ga mampu kebijakan desa ambil jadi tanggungan provinsi ribut aneh bantu malah rame hmmm,Positif
regenerasinya malah main geng geng an standing motor jalan gimana mau jadi generasi emas itupun untung untungan kalo ga bawa busur nembak orang harusnya walkot makassar ikuti kayak gini dimasukin,Positif
coba sebutin kerja nya real bermanfaat vaksetomi kocak lo liat noh transum bogor sekitarnya mau diambil alih gub jakarta mana,Negatif
family center beda pendekatannya memanusiakan nakal bener bagusnya bikin family center bukan dilempar,Negatif
buset makin kelihatan dongoknya elu wajib sama membangun karakter nasionalisme kedisiplinan ikut durasinya malah lebih lama ala otak kadrun sungsang kek lu emang mustahil mengerti kek bgini,Negatif
orang benci mending masukin,Positif
wajib disamain sama ngirim nakal menunjukkan otak fans sama otak fans mulyono,Negatif
lulusan,Netral
kalian mencatat melakukan kebaikan negeri dibutuhkan mental tangguh hati ikhlas banget kata sedang mengkonfirmasi kemelut kontroversi siswa suatu kan paham negeri terlalu banyak teori penyair bacot,Positif
mana langsung otw gak sih,Netral
terus kalau kalah penggantinya lebih baik dr lagian kan cuman pilihan giliran membuat politik sebelah langsung membuat yg pikir lebih baik kalau pakai cara halus lawan politik merekomendasi kan dibolak balik aja trus,Negatif
wait family centre samain tolol bangethehehehe kebetulan heheheh tolol bela,Negatif
disa gue gulingguling stop gak penjara penjara halo sipir kalo halo tni siapapun bawa disa,Negatif
sederhana ajah sih kalo nakal jadi berubah perilaku buruknya masuk peluang buat sjw provokator menghasut generasi muda jadi semakin tertutup plus peluang next pilgub pilpres jadi terbuka lebar,Positif
alhamdulillah deh kalau dimasukin sekolah kecantikan aku mau banget malah dipanggilin terus dimasukin aku gak mau kaa,Negatif
manusia terbodoh kpai bicara tantang coba klu berani adu gagasan kpai ambil orang didik cara kpai rbu dididik sesuai cara jadi jangan cuma gagasan wacana kpai laksanakan dasar goblok lu kpai,Negatif
naturalisasi jawa barat aja bocah biar dibawa belajar disiplin menghargai orang,Positif
alasan siswa jawa barat betah terbukti sukses,Positif
pak cewek cewek kayak gini daerah jabar ditangkap dimasukin,Positif
pernah masuk pelatihan perubahan karakter sesuai diinginkan lebih setuju,Positif
sekalian bikin pelatihan pejabat nakal dikirim,Positif
gw jadi mikir perlu banget buat benahin remaja sikapnya kek kintil ngebahayain jiwa orang anjj,Negatif
yaampun sorry udah titik baca jadi gara gara kebanyakan berita,Netral
fenomena bocil takut beneran anjir aku menyaksikan bocil lg ngomongin katanya kalo main hp terus dikirim sama pa,Negatif
waktu smk pas acara ldks dibawa sama persis kaya adain tempatnya mental bener bener diajar abis abisan monangis mana tempatnya diatas bukit jalan kaki tidur ga nyenyak tidur amben makan diwaktu sampe lari larian,Positif
siapapun ngedukung programnya buat masukin murid nakal coba gue tanya pernah belajar ppkn kan pas sma pelajaran wajib kok gue kontra kalo lu dukung beliau sih sama aja lu melanggengkan adanya intervensi c,Negatif
kalau misalkan buat kebijakan barayaoi instead of i will be his devoted buzzer,Negatif
gue setuju sih sama nya tetep dibina gak cuma semata masuk lihat aja video nya diajarin ngaji harinya berkembang salut sih sama,Positif
suka chat selamat pagi bu pak doang lalu diam aja gak lanjutannya gue laporin dijemput masuk,Netral
udah kabar kek gini kalau mu gak juara musti bilangin nih noh pemain mu bawa aja,Netral
posisi sini banget mendorong orangtua aktif kerja sama guru psikolog bukannya auto lepas tangan dilempar diawasi sipil mah lepas tanggung jawab bedanya sm orangtua salah ngirim ponpes doang diawasi,Negatif
efek tukar guling proyek sekolah nakal dikirim ogah nuntut kodam amp milih nanggung biaya korban dgn apbd dana pribadi whatever lah,Negatif
coba sangkuriang masuk,Positif
masukin aja dahhh,Positif
yaman katanya mau bawa sma ki,Netral
trump bertemu mungkin tawaran bantuan tentara as bantu,Positif
semakin bersinar pencitraannya menuju presiden,Positif
solusinya mbg gibran solusinya ai solusinya kirim bangsa macam apa,Negatif
sombongnya pemimpin daerah punya sendiri berdasar kultur masyarakat pemikiran pemimpinnya kalau aku sih setuju banget maksa biilang sombong mau pakai sama lu ga punya nalar aja,Positif
bukan dikirim dilakukan begini langkah pemprov dki tangani siswa bermasalah,Negatif
solusi cewe ngambek titipin masuk,Netral
terus tawuran bukan islam shalawat jadi ga efektif bagusan ide,Positif
gada paling tepat masukan tni profesional membina mental karakter menjadi kesatria gausah malu mengikuti kebijakan,Positif
aja kak nyicip programnya,Positif
rafathar lapor mama gigi mandi kirim dedimulyadi jabar bandung rafathar beritaviral,Netral
sosok sofiyah emak emak skakmat ono surono soal masuk tetangga pelapor,Netral
slogan apapun masalahnya solusinya,Netral
be like harta tahta,Netral
cantika lu mau dijemput teh novi mau gue aduin biar dibawa,Netral
siswa masuk bukan disiksa dibimbing jalan benar semoga alumni pendidikan jadi sukses berubah jadi lebih baik,Positif
kunjungi bersama kak seto terkejut apa,Netral
kak seto pendidikan karakter gagasan tak langgar hak,Positif
alasan tak tertulis memasukan nakal nakal identik keberanian meskipun salah mempunyai mental keras beberapa orang keberanian kenakalan digunakan membela negara,Netral
tolol ngaco omongannya sama kayak sesembahannya si nabi palsu nakal negara maju ditangani dgn pendekatan psikologis bukan ditaruh beberapa negara maju mengenal wamil berlaku semua noviyantiumar goblok amp tolol,Negatif
nyali dpr verrel bramasta ditantang didik siswa luar kini ledek buah kd,Negatif
sendiri membuat anaknya broken home harusnya wajib dikirim malah dijadikan dprd,Negatif
bilang kalau sekarang zaman berubah kak seto perubahan cara hidup sangat berbeda dulu bahagia kak kalau sekarang semua berat,Netral
kalo gw sih suka terserah dibilang mirip jkw kalo gak suka terus jadi gak suka semuanya aneh aja terus kayaknya orang dasarnya gak suka mirip jkw semuanya salah keknya,Positif
respon kalian bagaimana masukin dijadikan konten ngorek keluarga setega cuan konten,Negatif
mulai juni warga jabar pembuat onar hingga tukang mabuk bakal dijebloskan,Positif
kabur pesantren terus masuk kemungkinan pesantren stress mungkin bully temennya seniornya krn pengawasan,Negatif
dukung asal temukan fufufafa paling nakal paling kurang ajar sama orangtua prabowo dimasukan,Positif
bukan cuma nakal bakal kirim siswa gemulai beginilah respon siswa gemulai,Negatif
kak seto beri semangat sekolah kunjungan dodik bela negara,Positif
sejumlah tampak terharu usai laksanakan informasi lebih lanjut kunjungi website,Positif
solusi dimasukkan dilakukan netral melihat perilaku remaja usia sekolah sangat prihatin sikap mental spiritual ilmu pengetahuan miris sekolahnya pake bayar mahal,Negatif
bisi ku,Netral
masukin kaskes,Negatif
dihukum sporter yg perdamaian sepakbola maju tercoreng bawa,Positif
belakangan ramai kalangan netizen pro kontra kebijakan jabar mengirim anakanak nakal mendapatkan pendidikan banyak menuding pendidikan cocok diterapkan,Negatif
hahahahaha wamil seminggu aja ka kirim udh nyidam bgt mau liat johnny pake baju,Netral
ala utk bandel kayaknya lebih pas buat,Positif
ekstrim sih terinspirasi pembentukan,Netral
kasihan kaga tau arti identik otentik km bolos sekolah ntar gue kasi tau biar elu masuk,Negatif
ui ditelpon disuruh masuk biar tegap posturnya,Netral
ajak warga datang gasibu besok kegiatan libatkan siswa alumni binaan,Positif
infoin aja kak biar masukin,Netral
nah maksud gak setuju kebijakan nakal dimasukkan alim nakal mau kalau dilatih dibarak seragam loreng makan bergizi latihan fisik leadership,Negatif
loh dikirim,Netral
semua kini ikutikutan latah niru dikitdikit kirim kalau jaksa yg nakal langsung diberikan sanksi sesuai dng tingkat pelanggaran jaminan keluar jadi lebih baik,Positif
dimasukin,Netral
kehidupan pratama arhan mulai disorot kini sang mertua berani bersua mengungkap kelakuan dianggap kurang baik melaporkan dikirim,Netral
artinya cara selama mampu menyerap merata semua jabar jadi gak salah meluncurkan pendidikan karakter selama gak pernah usilin bekerja sekarang ganggu artinya iri hati,Positif
baik malah perdebatkan jawa barat menanggapi tegas temua kpai terkait dugaan intimidasi pelajar,Positif
kesaksian guru finlandia mengenai yg dikirim dedimulyadi,Netral
sindir kpai jangan sibuk ngebahas dibina inijabar,Negatif
jawa barat akrab disapa menghadiri upacara rangka menyambut hari kebangkitan nasional mei diadakan gasibu kota bandung mengajak remaja sedang berada,Positif
kabarnya kirim sales capai target,Negatif
datang sekolah buat kagum orang tua perubahan signifikan bilang programnya tetap bulan seminggu sekali tetap dipanggil monitoring bagaimana pendapatmu tulis kolom komentar,Positif
teori aksi dulu sekolah guru bk bimbingan konseling siswa nakal suka tawuran kekerasan aja banyak udah paling realistis kebijakan dididik langsung sama itungitung wajib,Positif
kirain anies baswedan yg mau dimasukin ala,Negatif
bagus kalo ikut,Positif
tawuran lalu diperkosa ayahnya predator menyiksa jalanan memakai narkoba situ kpai purapura buta tuli nakal dimasukkan langsung disalahkan padahal usulan perbaikan mental,Negatif
bener usul begini didik aja masuk,Positif
keluar terlibat tawuran dihukum lebih berat melarang pelajar membawa sepeda motor tepat banyak pelajar punya sim kadang pakai helm ugalugalan berbahaya,Positif
salah satu ide patut didukung membina anakanak nakal dibina ditempa lebih baik,Positif
suruh ikut aja nih orang tengilnya emang bangke,Negatif
bjir beneran udah mulai dong mobilisasi tawuran bulan cuk bulan,Negatif
sering menggusur pedagang bangun trotoar jalur pejalan kaki lalu bilang menambah sekolah selaras aturan zona pendidikan akhirnya bilang nakal biar semuanya selaras,Positif
tepat memasukan bermasalah tepat jawa barat punya mengerti permasalahan warganya,Positif
preman hidup jawa barat memasukkan nakal tersebut kalau keluar tetap dipantau sewaktuwaktu digerakkan bela negara,Positif
langkah berani jabar memasukkan siswa nakal menjadi solusi membentuk disiplin tanggung jawab rasa hormat sering hilang ruang kelas pengawasan kuat,Positif
merujuk jawa barat wacananya wajib siswa sma bermasalah tawuran balap liar kebijakan bagian gerakan jabar manunggal bertujuan menanamkan disiplin melalui pelatihan,Positif
masukkan penjara kata,Netral
haters bilang tawuran dibimbing psikolog jangan langsung dimasukkan,Negatif
depok masuk wilayah jabar semoga titipkan terjadi depok,Positif
kalau jabar sama dibawa,Netral
solusi bermasalah generasi boomer dilempar pesantren dilempar masalahnya diatasi sama sekali penting gimmick,Negatif
keren nih sekolah disiplin basis anakanak tawuran malas sekolah melawan orang tua anakanak tersebut dibina kabupaten purwakarta memulai dicanangkan jabar,Positif
dukung mengirimkan nakal bukan sertamerta mendidik membentuk visi hidup membangun karakter menjauhkan konten tiktok terus,Positif
lucu banget anying liat konten siswa nakal udah dimasukin,Negatif
topik paling banyak diberitakan mencakup jawa barat aura cinta jabar vasektomi isu pengiriman siswa usulan vasektomi bansos memicu polemik luas mencerminkan kebijakan kontroversial,Netral
modelan bocil lah dimaksud dimasukkan menjadi sampah masyarakat beban keluarga,Positif
keren bapak mengantar pelajar khusus masuk markas resimen armed purwakarta ikuti pendidikan karakter banyak teori banyak omong langsung eksekusi satset terima kasih om zen,Positif
baru jabar siswa bermasalah disekolahkan mulai mei setuju gak sama komentar bawah,Netral
ngirim bermasalah kata aslam mending kirim gulag aja pak,Negatif
kurang spesifik bermasalah banyak jenis kondisinya tawuran bully bahkan adhd dibilang bermasalah adhd kan gak semua bermasalah filter dulu psikolog kalo psikolog kesulitan baru,Negatif
dibuat tindakan prefentif sekolah nyerah ortunya abai mungkin sama prilakunya masyarskat banyak abaikan pemda didik bimbingan mental disiplin,Positif
nakal keluarga berantakan orang tua cerai kurang pengasuhan orang tua kemiskinan solusinya ajaib menurutku kalo bolehlah kalo solusinya,Negatif
seru satu sisi kebijakan menghilangkan wisuda pendidikan dasar emang udah bener sih satu sisi masukin bermasalah sih yah kayak gak ngerti psikologi ajah,Negatif
jadi mau bikin kebijakan nakal buat dimasukin selama bulan kebijakan ga mikir to say the least lepas tanggung jawab tambal sulam masalah masalah baru akar masalah kenakalan remaja ga diidentifikasi,Negatif
